{"plot_scores": [5, 19, 7, 8, 9, 6, 8, 5, 6, 16, 6, 8, 7, 6, 9, 7, 6, 6, 6, 5, 10, 7, 8], "plot_mean_scores": [5.0, 12.0, 10.333333333333334, 9.75, 9.6, 9.0, 8.857142857142858, 8.375, 8.11111111111111, 8.9, 8.636363636363637, 8.583333333333334, 8.461538461538462, 8.285714285714286, 8.333333333333334, 8.25, 8.117647058823529, 8.0, 7.894736842105263, 7.75, 7.857142857142857, 7.818181818181818, 7.826086956521739]}