{"plot_scores": [65, 25, 36, 61, 55, 58, 44, 33, 74, 31, 41, 37, 23, 28, 68, 61, 23, 55, 56, 35, 62, 49, 31, 34, 34, 51, 28, 66, 64, 29, 28, 31, 24, 63, 27, 43, 11, 34, 23, 30, 27, 19, 53, 37, 61, 43, 53, 42, 22, 25, 58, 48, 26, 43, 29, 58, 52, 17, 27, 37, 33, 15, 65, 16, 41, 41, 19, 51, 66, 30, 28, 64, 31, 31, 28, 39, 61, 23, 56, 70, 23, 64, 37, 66, 17, 15, 19, 55, 15, 29, 31, 21, 25, 29, 55, 67, 47, 17, 19, 19, 31, 51, 31, 61, 33, 50, 69, 49, 67, 22, 26, 25, 58, 21, 63, 63, 36, 45, 33, 17, 42, 70, 19, 23, 43, 72, 29, 34, 61, 43, 39, 25, 39, 28, 71, 19, 33, 25, 68, 31, 23, 70], "plot_mean_scores": [65.0, 45.0, 42.0, 46.75, 48.4, 50.0, 49.142857142857146, 47.125, 50.111111111111114, 48.2, 47.54545454545455, 46.666666666666664, 44.84615384615385, 43.642857142857146, 45.266666666666666, 46.25, 44.88235294117647, 45.44444444444444, 46.0, 45.45, 46.23809523809524, 46.36363636363637, 45.69565217391305, 45.208333333333336, 44.76, 45.0, 44.370370370370374, 45.142857142857146, 45.793103448275865, 45.233333333333334, 44.67741935483871, 44.25, 43.63636363636363, 44.205882352941174, 43.714285714285715, 43.69444444444444, 42.810810810810814, 42.578947368421055, 42.07692307692308, 41.775, 41.41463414634146, 40.88095238095238, 41.16279069767442, 41.06818181818182, 41.51111111111111, 41.54347826086956, 41.787234042553195, 41.791666666666664, 41.38775510204081, 41.06, 41.3921568627451, 41.51923076923077, 41.22641509433962, 41.25925925925926, 41.03636363636364, 41.339285714285715, 41.526315789473685, 41.10344827586207, 40.86440677966102, 40.8, 40.67213114754098, 40.25806451612903, 40.65079365079365, 40.265625, 40.276923076923076, 40.28787878787879, 39.97014925373134, 40.13235294117647, 40.507246376811594, 40.357142857142854, 40.183098591549296, 40.513888888888886, 40.38356164383562, 40.25675675675676, 40.093333333333334, 40.078947368421055, 40.35064935064935, 40.12820512820513, 40.32911392405063, 40.7, 40.48148148148148, 40.76829268292683, 40.72289156626506, 41.023809523809526, 40.741176470588236, 40.44186046511628, 40.195402298850574, 40.36363636363637, 40.07865168539326, 39.955555555555556, 39.857142857142854, 39.65217391304348, 39.494623655913976, 39.38297872340426, 39.54736842105263, 39.833333333333336, 39.90721649484536, 39.673469387755105, 39.464646464646464, 39.26, 39.17821782178218, 39.294117647058826, 39.213592233009706, 39.42307692307692, 39.36190476190476, 39.4622641509434, 39.73831775700935, 39.824074074074076, 40.07339449541284, 39.90909090909091, 39.78378378378378, 39.651785714285715, 39.8141592920354, 39.64912280701754, 39.85217391304348, 40.05172413793103, 40.01709401709402, 40.059322033898304, 40.0, 39.80833333333333, 39.82644628099174, 40.07377049180328, 39.90243902439025, 39.766129032258064, 39.792, 40.04761904761905, 39.960629921259844, 39.9140625, 40.07751937984496, 40.1, 40.091603053435115, 39.97727272727273, 39.96992481203007, 39.88059701492537, 40.111111111111114, 39.955882352941174, 39.90510948905109, 39.79710144927536, 40.0, 39.93571428571428, 39.815602836879435, 40.028169014084504]}