{"plot_scores": [7, 6, 6, 6, 6, 6, 27, 9, 6, 5, 19, 8, 6, 8, 13, 12, 7, 40, 12, 9, 26, 6, 5, 8, 12, 12, 8, 15, 7, 7, 5, 14, 25, 11, 9, 6, 19, 8, 8, 5, 7, 13, 19, 6, 26, 35, 20, 6, 14, 8, 8, 7, 6, 5, 6, 6, 8, 20, 6, 10, 6, 11, 6, 6, 20, 27, 17, 6, 26, 20, 6, 7, 15, 6, 13, 24, 5, 6, 23, 11, 13, 5, 7, 8, 6], "plot_mean_scores": [7.0, 6.5, 6.333333333333333, 6.25, 6.2, 6.166666666666667, 9.142857142857142, 9.125, 8.777777777777779, 8.4, 9.363636363636363, 9.25, 9.0, 8.928571428571429, 9.2, 9.375, 9.235294117647058, 10.944444444444445, 11.0, 10.9, 11.619047619047619, 11.363636363636363, 11.08695652173913, 10.958333333333334, 11.0, 11.038461538461538, 10.925925925925926, 11.071428571428571, 10.931034482758621, 10.8, 10.612903225806452, 10.71875, 11.151515151515152, 11.147058823529411, 11.085714285714285, 10.944444444444445, 11.162162162162161, 11.078947368421053, 11.0, 10.85, 10.75609756097561, 10.80952380952381, 11.0, 10.886363636363637, 11.222222222222221, 11.73913043478261, 11.914893617021276, 11.791666666666666, 11.83673469387755, 11.76, 11.686274509803921, 11.596153846153847, 11.49056603773585, 11.37037037037037, 11.272727272727273, 11.178571428571429, 11.12280701754386, 11.275862068965518, 11.186440677966102, 11.166666666666666, 11.081967213114755, 11.080645161290322, 11.0, 10.921875, 11.061538461538461, 11.303030303030303, 11.388059701492537, 11.308823529411764, 11.521739130434783, 11.642857142857142, 11.56338028169014, 11.5, 11.547945205479452, 11.472972972972974, 11.493333333333334, 11.657894736842104, 11.571428571428571, 11.5, 11.645569620253164, 11.6375, 11.654320987654321, 11.573170731707316, 11.518072289156626, 11.476190476190476, 11.411764705882353]}