{"plot_scores": [9, 6, 6, 7, 7, 6, 6, 41, 5], "plot_mean_scores": [9.0, 7.5, 7.0, 7.0, 7.0, 6.833333333333333, 6.714285714285714, 11.0, 10.333333333333334]}